block,part,comparison,metric,mean,ci_low,ci_high,pairs,wins,ties,losses
heldout_36M_corrected,B_generated,predictive_minus_deployment,acoustic_fixes,0.5225,0.1975,0.8575,400,151,98,151
heldout_36M_corrected,B_generated,predictive_minus_deployment,completed,0.01,-0.035,0.0575,400,41,314,45
heldout_36M_corrected,B_generated,predictive_minus_deployment,longest_unaided_gap_s,-4.215,-6.91,-1.5648750000000018,400,195,73,132
heldout_36M_corrected,B_generated,predictive_minus_deployment,mode_switches,8.735,8.3975,9.065,400,0,0,400
heldout_36M_corrected,B_generated,predictive_minus_deployment,optical_fixes,1.2275,0.865,1.6125,400,57,139,204
heldout_36M_corrected,B_generated,predictive_minus_deployment,overall_rmse_m,-0.3704407574354156,-0.5520895786718021,-0.19441605011905755,400,218,0,182
heldout_36M_corrected,B_generated,predictive_minus_deployment,peak_error_m,-0.8067659933143981,-1.1959497915624417,-0.4190017543105835,400,229,0,171
heldout_36M_corrected,B_generated,predictive_minus_deployment,physical_interventions,6.92,6.645,7.2,400,0,0,400
heldout_36M_corrected,B_generated,predictive_minus_deployment,preemptive_actions,0.5225,0.475,0.5725,400,0,191,209
heldout_36M_corrected,B_generated,predictive_minus_deployment,rmse_transition_m,-0.3611297696459732,-0.552406756999995,-0.1768397630188737,400,214,0,186
heldout_36M_corrected,B_generated,predictive_minus_deployment,safety_violation,-0.06,-0.105,-0.015,400,55,314,31
heldout_36M_corrected,B_generated,predictive_minus_deployment,survey_coverage_fraction,-0.006438859494415061,-0.024829671271800916,0.013191480501665657,400,131,208,61
heldout_36M_corrected,B_generated,predictive_minus_deployment,unaided_time_s,2.075,-1.02,5.140124999999998,400,204,40,156
heldout_36M_corrected,B_generated,predictive_minus_reactive,acoustic_fixes,0.3975,0.185,0.62,400,26,307,67
heldout_36M_corrected,B_generated,predictive_minus_reactive,completed,-0.005,-0.0475,0.0375,400,39,324,37
heldout_36M_corrected,B_generated,predictive_minus_reactive,longest_unaided_gap_s,2.055,0.46,3.715,400,76,219,105
heldout_36M_corrected,B_generated,predictive_minus_reactive,mode_switches,0.42,0.21,0.64,400,66,221,113
heldout_36M_corrected,B_generated,predictive_minus_reactive,optical_fixes,0.7925,0.535,1.06,400,66,134,200
heldout_36M_corrected,B_generated,predictive_minus_reactive,overall_rmse_m,0.055790843421155124,-0.03516632493969999,0.1491265715379484,400,192,4,204
heldout_36M_corrected,B_generated,predictive_minus_reactive,peak_error_m,0.07925434722786162,-0.1215297520520326,0.2804932796578158,400,189,4,207
heldout_36M_corrected,B_generated,predictive_minus_reactive,physical_interventions,1.0575,0.825,1.305,400,107,53,240
heldout_36M_corrected,B_generated,predictive_minus_reactive,preemptive_actions,0.5225,0.4725,0.5725,400,0,191,209
heldout_36M_corrected,B_generated,predictive_minus_reactive,rmse_transition_m,0.07935811605418189,-0.013501972743251376,0.17524042630388417,400,173,4,223
heldout_36M_corrected,B_generated,predictive_minus_reactive,safety_violation,0.0225,-0.01,0.055,400,17,357,26
heldout_36M_corrected,B_generated,predictive_minus_reactive,survey_coverage_fraction,0.025130315500685868,0.008334153929061328,0.042818868802665076,400,98,209,93
heldout_36M_corrected,B_generated,predictive_minus_reactive,unaided_time_s,4.515,1.9,7.1851249999999975,400,173,87,140
heldout_36M_corrected,B_generated,reactive_minus_deployment,acoustic_fixes,0.125,-0.1725,0.4325,400,160,116,124
heldout_36M_corrected,B_generated,reactive_minus_deployment,completed,0.015,-0.0225,0.0525,400,27,340,33
heldout_36M_corrected,B_generated,reactive_minus_deployment,longest_unaided_gap_s,-6.27,-8.88,-3.75,400,208,90,102
heldout_36M_corrected,B_generated,reactive_minus_deployment,mode_switches,8.315,7.9725,8.6625,400,0,0,400
heldout_36M_corrected,B_generated,reactive_minus_deployment,optical_fixes,0.435,0.1175,0.76,400,80,208,112
heldout_36M_corrected,B_generated,reactive_minus_deployment,overall_rmse_m,-0.42623160085657075,-0.6052422003092364,-0.2608246917540152,400,232,0,168
heldout_36M_corrected,B_generated,reactive_minus_deployment,peak_error_m,-0.8860203405422599,-1.2768202864844684,-0.5137766844656385,400,227,0,173
heldout_36M_corrected,B_generated,reactive_minus_deployment,physical_interventions,5.8625,5.6025,6.1225,400,0,0,400
heldout_36M_corrected,B_generated,reactive_minus_deployment,preemptive_actions,0.0,0.0,0.0,400,0,400,0
heldout_36M_corrected,B_generated,reactive_minus_deployment,rmse_transition_m,-0.4404878857001552,-0.6231168235201435,-0.2632130315921647,400,232,0,168
heldout_36M_corrected,B_generated,reactive_minus_deployment,safety_violation,-0.0825,-0.1225,-0.045,400,51,331,18
heldout_36M_corrected,B_generated,reactive_minus_deployment,survey_coverage_fraction,-0.03156917499510093,-0.047591453556731333,-0.015065304722712145,400,153,209,38
heldout_36M_corrected,B_generated,reactive_minus_deployment,unaided_time_s,-2.44,-5.135,0.24024999999999636,400,221,48,131
heldout_36M_corrected,A_scripted,predictive_minus_deployment,acoustic_fixes,-0.8074074074074075,-1.0222222222222221,-0.6074074074074074,270,68,196,6
heldout_36M_corrected,A_scripted,predictive_minus_deployment,completed,0.0,0.0,0.0,270,0,270,0
heldout_36M_corrected,A_scripted,predictive_minus_deployment,longest_unaided_gap_s,0.1111111111111111,-0.5407407407407407,0.7407407407407407,270,38,191,41
heldout_36M_corrected,A_scripted,predictive_minus_deployment,mode_switches,5.955555555555556,5.5814814814814815,6.325925925925926,270,0,0,270
heldout_36M_corrected,A_scripted,predictive_minus_deployment,optical_fixes,0.05555555555555555,-0.025925925925925925,0.16296296296296298,270,23,218,29
heldout_36M_corrected,A_scripted,predictive_minus_deployment,overall_rmse_m,0.013097616343438935,-0.009207389381453832,0.036407311508246394,270,164,2,104
heldout_36M_corrected,A_scripted,predictive_minus_deployment,peak_error_m,0.009148808951117715,-0.04734526200229487,0.06703688277213092,270,142,21,107
heldout_36M_corrected,A_scripted,predictive_minus_deployment,physical_interventions,3.5074074074074075,3.2962962962962963,3.72962962962963,270,0,2,268
heldout_36M_corrected,A_scripted,predictive_minus_deployment,preemptive_actions,1.1,0.9999074074074075,1.211111111111111,270,0,33,237
heldout_36M_corrected,A_scripted,predictive_minus_deployment,rmse_transition_m,0.02383046184826387,-0.002256549128933953,0.05157900986222972,270,151,2,117
heldout_36M_corrected,A_scripted,predictive_minus_deployment,safety_violation,0.003703703703703704,0.0,0.011111111111111112,270,0,269,1
heldout_36M_corrected,A_scripted,predictive_minus_deployment,survey_coverage_fraction,-0.0038633773887546134,-0.005619787924314666,-0.0023138168542832438,270,22,248,0
heldout_36M_corrected,A_scripted,predictive_minus_deployment,unaided_time_s,1.0888888888888888,0.3109259259259261,1.8592592592592592,270,29,189,52
heldout_36M_corrected,A_scripted,predictive_minus_reactive,acoustic_fixes,0.0,0.0,0.0,270,0,270,0
heldout_36M_corrected,A_scripted,predictive_minus_reactive,completed,0.0,0.0,0.0,270,0,270,0
heldout_36M_corrected,A_scripted,predictive_minus_reactive,longest_unaided_gap_s,-0.014814814814814815,-0.4444444444444444,0.3037037037037037,270,13,240,17
heldout_36M_corrected,A_scripted,predictive_minus_reactive,mode_switches,-0.1925925925925926,-0.2962962962962963,-0.09259259259259259,270,50,202,18
heldout_36M_corrected,A_scripted,predictive_minus_reactive,optical_fixes,0.04814814814814815,-0.037037037037037035,0.16296296296296298,270,22,222,26
heldout_36M_corrected,A_scripted,predictive_minus_reactive,overall_rmse_m,0.0063689524702662615,-0.013662671093444897,0.027255635195286593,270,166,33,71
heldout_36M_corrected,A_scripted,predictive_minus_reactive,peak_error_m,0.011057025361638677,-0.030710087803845,0.057208373111506526,270,117,69,84
heldout_36M_corrected,A_scripted,predictive_minus_reactive,physical_interventions,1.8925925925925926,1.6814814814814816,2.1,270,2,68,200
heldout_36M_corrected,A_scripted,predictive_minus_reactive,preemptive_actions,1.1,1.0,1.211111111111111,270,0,33,237
heldout_36M_corrected,A_scripted,predictive_minus_reactive,rmse_transition_m,0.011303147249705353,-0.010062177369740648,0.03567871981178849,270,147,33,90
heldout_36M_corrected,A_scripted,predictive_minus_reactive,safety_violation,0.003703703703703704,0.0,0.011111111111111112,270,0,269,1
heldout_36M_corrected,A_scripted,predictive_minus_reactive,survey_coverage_fraction,-0.0009166721100877565,-0.0021149505374471146,0.00027001183036847446,270,19,243,8
heldout_36M_corrected,A_scripted,predictive_minus_reactive,unaided_time_s,-0.007407407407407408,-0.42962962962962964,0.3037037037037037,270,15,238,17
heldout_36M_corrected,A_scripted,reactive_minus_deployment,acoustic_fixes,-0.8074074074074075,-1.0222222222222221,-0.6074074074074074,270,68,196,6
heldout_36M_corrected,A_scripted,reactive_minus_deployment,completed,0.0,0.0,0.0,270,0,270,0
heldout_36M_corrected,A_scripted,reactive_minus_deployment,longest_unaided_gap_s,0.1259259259259259,-0.3851851851851852,0.6594444444444417,270,31,211,28
heldout_36M_corrected,A_scripted,reactive_minus_deployment,mode_switches,6.148148148148148,5.7592592592592595,6.533333333333333,270,0,0,270
heldout_36M_corrected,A_scripted,reactive_minus_deployment,optical_fixes,0.007407407407407408,-0.025925925925925925,0.040740740740740744,270,9,250,11
heldout_36M_corrected,A_scripted,reactive_minus_deployment,overall_rmse_m,0.006728663873172674,-0.007303337233172054,0.021224477185954712,270,94,70,106
heldout_36M_corrected,A_scripted,reactive_minus_deployment,peak_error_m,-0.0019082164105209696,-0.04727254962988565,0.044356141847224716,270,105,72,93
heldout_36M_corrected,A_scripted,reactive_minus_deployment,physical_interventions,1.614814814814815,1.462962962962963,1.7777777777777777,270,0,68,202
heldout_36M_corrected,A_scripted,reactive_minus_deployment,preemptive_actions,0.0,0.0,0.0,270,0,270,0
heldout_36M_corrected,A_scripted,reactive_minus_deployment,rmse_transition_m,0.012527314598558522,-0.005996405565757793,0.031208363066085293,270,95,70,105
heldout_36M_corrected,A_scripted,reactive_minus_deployment,safety_violation,0.0,0.0,0.0,270,0,270,0
heldout_36M_corrected,A_scripted,reactive_minus_deployment,survey_coverage_fraction,-0.0029467052786668574,-0.00436132340453326,-0.001695444219449699,270,21,249,0
heldout_36M_corrected,A_scripted,reactive_minus_deployment,unaided_time_s,1.0962962962962963,0.4444444444444444,1.8296296296296297,270,20,211,39
heldout_32M_precorrection,A_scripted_primary,reactive_minus_deployment,acoustic_fixes,-0.8142857142857143,-0.9952380952380953,-0.638095238095238,210,49,158,3
heldout_32M_precorrection,A_scripted_primary,reactive_minus_deployment,completed,0.0,0.0,0.0,210,0,210,0
heldout_32M_precorrection,A_scripted_primary,reactive_minus_deployment,longest_unaided_gap_s,0.41904761904761906,-0.1909523809523805,1.0666666666666667,210,23,158,29
heldout_32M_precorrection,A_scripted_primary,reactive_minus_deployment,mode_switches,7.485714285714286,7.261904761904762,7.704761904761905,210,0,0,210
heldout_32M_precorrection,A_scripted_primary,reactive_minus_deployment,optical_fixes,-0.01904761904761905,-0.08095238095238096,0.023809523809523808,210,4,202,4
heldout_32M_precorrection,A_scripted_primary,reactive_minus_deployment,overall_rmse_m,-0.006953458261900818,-0.019730067219268163,0.0060656061401822454,210,80,68,62
heldout_32M_precorrection,A_scripted_primary,reactive_minus_deployment,peak_error_m,-0.017177497013920327,-0.06396719140829063,0.029459163580399,210,77,69,64
heldout_32M_precorrection,A_scripted_primary,reactive_minus_deployment,physical_interventions,1.4285714285714286,1.2952380952380953,1.561904761904762,210,0,63,147
heldout_32M_precorrection,A_scripted_primary,reactive_minus_deployment,rmse_transition_m,-0.009480292347364628,-0.0241941567568914,0.005092180796533066,210,77,68,65
heldout_32M_precorrection,A_scripted_primary,reactive_minus_deployment,safety_violation,0.0,0.0,0.0,210,0,210,0
heldout_32M_precorrection,A_scripted_primary,reactive_minus_deployment,survey_coverage_fraction,0.0,0.0,0.0,210,0,210,0
heldout_32M_precorrection,A_scripted_primary,reactive_minus_deployment,unaided_time_s,1.3714285714285714,0.7238095238095238,2.066666666666667,210,17,158,35
heldout_32M_precorrection,A_scripted_primary,reactive_minus_fixed,acoustic_fixes,9.157142857142857,9.033333333333333,9.276190476190477,210,0,150,60
heldout_32M_precorrection,A_scripted_primary,reactive_minus_fixed,completed,0.0,0.0,0.0,210,0,210,0
heldout_32M_precorrection,A_scripted_primary,reactive_minus_fixed,longest_unaided_gap_s,-34.76190476190476,-35.333333333333336,-34.170952380952386,210,63,146,1
heldout_32M_precorrection,A_scripted_primary,reactive_minus_fixed,mode_switches,7.485714285714286,7.266666666666667,7.704761904761905,210,0,0,210
heldout_32M_precorrection,A_scripted_primary,reactive_minus_fixed,optical_fixes,-0.023809523809523808,-0.08571428571428572,0.023809523809523808,210,6,199,5
heldout_32M_precorrection,A_scripted_primary,reactive_minus_fixed,overall_rmse_m,-0.43744869118920654,-0.4627929882315577,-0.4121805898067116,210,113,68,29
heldout_32M_precorrection,A_scripted_primary,reactive_minus_fixed,peak_error_m,-0.7869905452971553,-0.8460656791558554,-0.7297945060999047,210,106,69,35
heldout_32M_precorrection,A_scripted_primary,reactive_minus_fixed,physical_interventions,1.4285714285714286,1.2952380952380953,1.561904761904762,210,0,63,147
heldout_32M_precorrection,A_scripted_primary,reactive_minus_fixed,rmse_transition_m,-0.5136361102191904,-0.541793659311736,-0.48436058770006357,210,113,68,29
heldout_32M_precorrection,A_scripted_primary,reactive_minus_fixed,safety_violation,0.0,0.0,0.0,210,0,210,0
heldout_32M_precorrection,A_scripted_primary,reactive_minus_fixed,survey_coverage_fraction,0.0,0.0,0.0,210,0,210,0
heldout_32M_precorrection,A_scripted_primary,reactive_minus_fixed,unaided_time_s,-30.02857142857143,-30.542857142857144,-29.504761904761907,210,63,146,1
