block,part,policy,metric,mean
heldout_36M_corrected,B_generated,deployment_fixed,acoustic_fixes,6.47
heldout_36M_corrected,B_generated,reactive,acoustic_fixes,6.595
heldout_36M_corrected,B_generated,predictive,acoustic_fixes,6.9925
heldout_36M_corrected,B_generated,deployment_fixed,completed,0.4175
heldout_36M_corrected,B_generated,reactive,completed,0.4325
heldout_36M_corrected,B_generated,predictive,completed,0.4275
heldout_36M_corrected,B_generated,deployment_fixed,longest_unaided_gap_s,46.98
heldout_36M_corrected,B_generated,reactive,longest_unaided_gap_s,40.71
heldout_36M_corrected,B_generated,predictive,longest_unaided_gap_s,42.765
heldout_36M_corrected,B_generated,deployment_fixed,mode_switches,0.0
heldout_36M_corrected,B_generated,reactive,mode_switches,8.315
heldout_36M_corrected,B_generated,predictive,mode_switches,8.735
heldout_36M_corrected,B_generated,deployment_fixed,optical_fixes,10.0475
heldout_36M_corrected,B_generated,reactive,optical_fixes,10.4825
heldout_36M_corrected,B_generated,predictive,optical_fixes,11.275
heldout_36M_corrected,B_generated,deployment_fixed,overall_rmse_m,2.3507599245843114
heldout_36M_corrected,B_generated,reactive,overall_rmse_m,1.9245283237277406
heldout_36M_corrected,B_generated,predictive,overall_rmse_m,1.9803191671488958
heldout_36M_corrected,B_generated,deployment_fixed,peak_error_m,5.744414412489491
heldout_36M_corrected,B_generated,reactive,peak_error_m,4.858394071947231
heldout_36M_corrected,B_generated,predictive,peak_error_m,4.937648419175092
heldout_36M_corrected,B_generated,deployment_fixed,physical_interventions,0.5825
heldout_36M_corrected,B_generated,reactive,physical_interventions,6.445
heldout_36M_corrected,B_generated,predictive,physical_interventions,7.5025
heldout_36M_corrected,B_generated,deployment_fixed,preemptive_actions,0.0
heldout_36M_corrected,B_generated,reactive,preemptive_actions,0.0
heldout_36M_corrected,B_generated,predictive,preemptive_actions,0.5225
heldout_36M_corrected,B_generated,deployment_fixed,rmse_transition_m,2.440919683452198
heldout_36M_corrected,B_generated,reactive,rmse_transition_m,2.0004317977520434
heldout_36M_corrected,B_generated,predictive,rmse_transition_m,2.0797899138062252
heldout_36M_corrected,B_generated,deployment_fixed,safety_violation,0.2325
heldout_36M_corrected,B_generated,reactive,safety_violation,0.15
heldout_36M_corrected,B_generated,predictive,safety_violation,0.1725
heldout_36M_corrected,B_generated,deployment_fixed,survey_coverage_fraction,0.8478444052518127
heldout_36M_corrected,B_generated,reactive,survey_coverage_fraction,0.8162752302567117
heldout_36M_corrected,B_generated,predictive,survey_coverage_fraction,0.8414055457573976
heldout_36M_corrected,B_generated,deployment_fixed,unaided_time_s,78.3
heldout_36M_corrected,B_generated,reactive,unaided_time_s,75.86
heldout_36M_corrected,B_generated,predictive,unaided_time_s,80.375
heldout_36M_corrected,A_scripted,deployment_fixed,acoustic_fixes,17.996296296296297
heldout_36M_corrected,A_scripted,reactive,acoustic_fixes,17.18888888888889
heldout_36M_corrected,A_scripted,predictive,acoustic_fixes,17.18888888888889
heldout_36M_corrected,A_scripted,deployment_fixed,completed,0.8518518518518519
heldout_36M_corrected,A_scripted,reactive,completed,0.8518518518518519
heldout_36M_corrected,A_scripted,predictive,completed,0.8518518518518519
heldout_36M_corrected,A_scripted,deployment_fixed,longest_unaided_gap_s,46.666666666666664
heldout_36M_corrected,A_scripted,reactive,longest_unaided_gap_s,46.79259259259259
heldout_36M_corrected,A_scripted,predictive,longest_unaided_gap_s,46.77777777777778
heldout_36M_corrected,A_scripted,deployment_fixed,mode_switches,0.0
heldout_36M_corrected,A_scripted,reactive,mode_switches,6.148148148148148
heldout_36M_corrected,A_scripted,predictive,mode_switches,5.955555555555556
heldout_36M_corrected,A_scripted,deployment_fixed,optical_fixes,17.44074074074074
heldout_36M_corrected,A_scripted,reactive,optical_fixes,17.44814814814815
heldout_36M_corrected,A_scripted,predictive,optical_fixes,17.496296296296297
heldout_36M_corrected,A_scripted,deployment_fixed,overall_rmse_m,0.5521076294369256
heldout_36M_corrected,A_scripted,reactive,overall_rmse_m,0.5588362933100983
heldout_36M_corrected,A_scripted,predictive,overall_rmse_m,0.5652052457803646
heldout_36M_corrected,A_scripted,deployment_fixed,peak_error_m,1.477239139513594
heldout_36M_corrected,A_scripted,reactive,peak_error_m,1.475330923103073
heldout_36M_corrected,A_scripted,predictive,peak_error_m,1.486387948464712
heldout_36M_corrected,A_scripted,deployment_fixed,physical_interventions,0.14814814814814814
heldout_36M_corrected,A_scripted,reactive,physical_interventions,1.762962962962963
heldout_36M_corrected,A_scripted,predictive,physical_interventions,3.6555555555555554
heldout_36M_corrected,A_scripted,deployment_fixed,preemptive_actions,0.0
heldout_36M_corrected,A_scripted,reactive,preemptive_actions,0.0
heldout_36M_corrected,A_scripted,predictive,preemptive_actions,1.1
heldout_36M_corrected,A_scripted,deployment_fixed,rmse_transition_m,0.6514207788623885
heldout_36M_corrected,A_scripted,reactive,rmse_transition_m,0.6639480934609467
heldout_36M_corrected,A_scripted,predictive,rmse_transition_m,0.6752512407106521
heldout_36M_corrected,A_scripted,deployment_fixed,safety_violation,0.0
heldout_36M_corrected,A_scripted,reactive,safety_violation,0.0
heldout_36M_corrected,A_scripted,predictive,safety_violation,0.003703703703703704
heldout_36M_corrected,A_scripted,deployment_fixed,survey_coverage_fraction,0.9997510542092161
heldout_36M_corrected,A_scripted,reactive,survey_coverage_fraction,0.9968043489305493
heldout_36M_corrected,A_scripted,predictive,survey_coverage_fraction,0.9958876768204614
heldout_36M_corrected,A_scripted,deployment_fixed,unaided_time_s,52.12592592592593
heldout_36M_corrected,A_scripted,reactive,unaided_time_s,53.22222222222222
heldout_36M_corrected,A_scripted,predictive,unaided_time_s,53.214814814814815
heldout_32M_precorrection,A_scripted_primary,deployment_fixed,acoustic_fixes,19.166666666666668
heldout_32M_precorrection,A_scripted_primary,fixed,acoustic_fixes,9.195238095238095
heldout_32M_precorrection,A_scripted_primary,reactive,acoustic_fixes,18.35238095238095
heldout_32M_precorrection,A_scripted_primary,deployment_fixed,completed,1.0
heldout_32M_precorrection,A_scripted_primary,fixed,completed,1.0
heldout_32M_precorrection,A_scripted_primary,reactive,completed,1.0
heldout_32M_precorrection,A_scripted_primary,deployment_fixed,longest_unaided_gap_s,48.89523809523809
heldout_32M_precorrection,A_scripted_primary,fixed,longest_unaided_gap_s,84.07619047619048
heldout_32M_precorrection,A_scripted_primary,reactive,longest_unaided_gap_s,49.31428571428572
heldout_32M_precorrection,A_scripted_primary,deployment_fixed,mode_switches,0.0
heldout_32M_precorrection,A_scripted_primary,fixed,mode_switches,0.0
heldout_32M_precorrection,A_scripted_primary,reactive,mode_switches,7.485714285714286
heldout_32M_precorrection,A_scripted_primary,deployment_fixed,optical_fixes,14.628571428571428
heldout_32M_precorrection,A_scripted_primary,fixed,optical_fixes,14.633333333333333
heldout_32M_precorrection,A_scripted_primary,reactive,optical_fixes,14.60952380952381
heldout_32M_precorrection,A_scripted_primary,deployment_fixed,overall_rmse_m,0.5709837288639605
heldout_32M_precorrection,A_scripted_primary,fixed,overall_rmse_m,1.0014789617912663
heldout_32M_precorrection,A_scripted_primary,reactive,overall_rmse_m,0.5640302706020597
heldout_32M_precorrection,A_scripted_primary,deployment_fixed,peak_error_m,1.49542319056048
heldout_32M_precorrection,A_scripted_primary,fixed,peak_error_m,2.265236238843715
heldout_32M_precorrection,A_scripted_primary,reactive,peak_error_m,1.47824569354656
heldout_32M_precorrection,A_scripted_primary,deployment_fixed,physical_interventions,0.0
heldout_32M_precorrection,A_scripted_primary,fixed,physical_interventions,0.0
heldout_32M_precorrection,A_scripted_primary,reactive,physical_interventions,1.4285714285714286
heldout_32M_precorrection,A_scripted_primary,deployment_fixed,rmse_transition_m,0.6567785083923111
heldout_32M_precorrection,A_scripted_primary,fixed,rmse_transition_m,1.1609343262641367
heldout_32M_precorrection,A_scripted_primary,reactive,rmse_transition_m,0.6472982160449465
heldout_32M_precorrection,A_scripted_primary,deployment_fixed,safety_violation,0.0
heldout_32M_precorrection,A_scripted_primary,fixed,safety_violation,0.0
heldout_32M_precorrection,A_scripted_primary,reactive,safety_violation,0.0
heldout_32M_precorrection,A_scripted_primary,deployment_fixed,survey_coverage_fraction,1.0
heldout_32M_precorrection,A_scripted_primary,fixed,survey_coverage_fraction,1.0
heldout_32M_precorrection,A_scripted_primary,reactive,survey_coverage_fraction,1.0
heldout_32M_precorrection,A_scripted_primary,deployment_fixed,unaided_time_s,56.076190476190476
heldout_32M_precorrection,A_scripted_primary,fixed,unaided_time_s,87.47619047619048
heldout_32M_precorrection,A_scripted_primary,reactive,unaided_time_s,57.44761904761905
heldout_32M_precorrection,A_scripted_controls,deployment_fixed,acoustic_fixes,14.2
heldout_32M_precorrection,A_scripted_controls,fixed,acoustic_fixes,0.0
heldout_32M_precorrection,A_scripted_controls,reactive,acoustic_fixes,13.383333333333333
heldout_32M_precorrection,A_scripted_controls,deployment_fixed,completed,0.3333333333333333
heldout_32M_precorrection,A_scripted_controls,fixed,completed,0.3333333333333333
heldout_32M_precorrection,A_scripted_controls,reactive,completed,0.3333333333333333
heldout_32M_precorrection,A_scripted_controls,deployment_fixed,longest_unaided_gap_s,38.0
heldout_32M_precorrection,A_scripted_controls,fixed,longest_unaided_gap_s,38.0
heldout_32M_precorrection,A_scripted_controls,reactive,longest_unaided_gap_s,38.03333333333333
heldout_32M_precorrection,A_scripted_controls,deployment_fixed,mode_switches,0.0
heldout_32M_precorrection,A_scripted_controls,fixed,mode_switches,0.0
heldout_32M_precorrection,A_scripted_controls,reactive,mode_switches,8.133333333333333
heldout_32M_precorrection,A_scripted_controls,deployment_fixed,optical_fixes,27.4
heldout_32M_precorrection,A_scripted_controls,fixed,optical_fixes,27.4
heldout_32M_precorrection,A_scripted_controls,reactive,optical_fixes,27.366666666666667
heldout_32M_precorrection,A_scripted_controls,deployment_fixed,overall_rmse_m,0.5204409549788802
heldout_32M_precorrection,A_scripted_controls,fixed,overall_rmse_m,0.5204373248052278
heldout_32M_precorrection,A_scripted_controls,reactive,overall_rmse_m,0.5696746645533286
heldout_32M_precorrection,A_scripted_controls,deployment_fixed,peak_error_m,1.3711846438523672
heldout_32M_precorrection,A_scripted_controls,fixed,peak_error_m,1.3711689185041496
heldout_32M_precorrection,A_scripted_controls,reactive,peak_error_m,1.504747600173968
heldout_32M_precorrection,A_scripted_controls,deployment_fixed,physical_interventions,0.6666666666666666
heldout_32M_precorrection,A_scripted_controls,fixed,physical_interventions,0.6666666666666666
heldout_32M_precorrection,A_scripted_controls,reactive,physical_interventions,2.8833333333333333
heldout_32M_precorrection,A_scripted_controls,deployment_fixed,rmse_transition_m,0.6470618877448878
heldout_32M_precorrection,A_scripted_controls,fixed,rmse_transition_m,0.6470582575712351
heldout_32M_precorrection,A_scripted_controls,reactive,rmse_transition_m,0.732983324785772
heldout_32M_precorrection,A_scripted_controls,deployment_fixed,safety_violation,0.016666666666666666
heldout_32M_precorrection,A_scripted_controls,fixed,safety_violation,0.016666666666666666
heldout_32M_precorrection,A_scripted_controls,reactive,safety_violation,0.016666666666666666
heldout_32M_precorrection,A_scripted_controls,deployment_fixed,survey_coverage_fraction,1.0
heldout_32M_precorrection,A_scripted_controls,fixed,survey_coverage_fraction,1.0
heldout_32M_precorrection,A_scripted_controls,reactive,survey_coverage_fraction,0.9881670912535109
heldout_32M_precorrection,A_scripted_controls,deployment_fixed,unaided_time_s,38.0
heldout_32M_precorrection,A_scripted_controls,fixed,unaided_time_s,38.0
heldout_32M_precorrection,A_scripted_controls,reactive,unaided_time_s,38.03333333333333
